buff_size,primes,env,time
128,10000,Native,0.397579
128,10000,DRIO-Opt,0.357817
128,10000,DRIO-Empty,0.360448
128,10000,DRIO-Empty,0.360373
128,10000,DRIO-Monitored,0.383968
128,10000,DRIO-Monitored,0.376411
128,10000,Native,0.397535
128,10000,DRIO-Opt,0.35821
128,10000,DRIO-Empty,0.35954
128,10000,DRIO-Empty,0.364063
128,10000,DRIO-Monitored,0.373244
128,10000,DRIO-Monitored,0.375941
128,10000,Native,0.39977
128,10000,DRIO-Opt,0.35827
128,10000,DRIO-Empty,0.368641
128,10000,DRIO-Empty,0.35842
128,10000,DRIO-Monitored,0.374935
128,10000,DRIO-Monitored,0.391645
128,10000,Native,0.397632
128,10000,DRIO-Opt,0.368896
128,10000,DRIO-Empty,0.358162
128,10000,DRIO-Empty,0.365239
128,10000,DRIO-Monitored,0.373328
128,10000,DRIO-Monitored,0.373607
128,10000,Native,0.397527
128,10000,DRIO-Opt,0.359455
128,10000,DRIO-Empty,0.3688
128,10000,DRIO-Empty,0.357962
128,10000,DRIO-Monitored,0.376259
128,10000,DRIO-Monitored,0.37682
128,10000,Native,0.397747
128,10000,DRIO-Opt,0.365134
128,10000,DRIO-Empty,0.358438
128,10000,DRIO-Empty,0.36098
128,10000,DRIO-Monitored,0.385384
128,10000,DRIO-Monitored,0.373511
128,10000,Native,0.399669
128,10000,DRIO-Opt,0.358001
128,10000,DRIO-Empty,0.368807
128,10000,DRIO-Empty,0.358422
128,10000,DRIO-Monitored,0.391337
128,10000,DRIO-Monitored,0.373459
128,10000,Native,0.39765
128,10000,DRIO-Opt,0.357773
128,10000,DRIO-Empty,0.358643
128,10000,DRIO-Empty,0.357832
128,10000,DRIO-Monitored,0.391495
128,10000,DRIO-Monitored,0.373281
128,10000,Native,0.397423
128,10000,DRIO-Opt,0.357806
128,10000,DRIO-Empty,0.36255
128,10000,DRIO-Empty,0.362357
128,10000,DRIO-Monitored,0.384365
128,10000,DRIO-Monitored,0.376281
128,10000,Native,0.397603
128,10000,DRIO-Opt,0.360641
128,10000,DRIO-Empty,0.362131
128,10000,DRIO-Empty,0.365489
128,10000,DRIO-Monitored,0.383213
128,10000,DRIO-Monitored,0.38085
128,20000,Native,1.584464
128,20000,DRIO-Opt,1.40785
128,20000,DRIO-Empty,1.409939
128,20000,DRIO-Empty,1.414937
128,20000,DRIO-Monitored,1.478249
128,20000,DRIO-Monitored,1.488562
128,20000,Native,1.584128
128,20000,DRIO-Opt,1.407076
128,20000,DRIO-Empty,1.410257
128,20000,DRIO-Empty,1.409418
128,20000,DRIO-Monitored,1.45359
128,20000,DRIO-Monitored,1.448268
128,20000,Native,1.582519
128,20000,DRIO-Opt,1.412898
128,20000,DRIO-Empty,1.416091
128,20000,DRIO-Empty,1.408093
128,20000,DRIO-Monitored,1.439423
128,20000,DRIO-Monitored,1.441064
128,20000,Native,1.583241
128,20000,DRIO-Opt,1.407113
128,20000,DRIO-Empty,1.408152
128,20000,DRIO-Empty,1.407466
128,20000,DRIO-Monitored,1.447288
128,20000,DRIO-Monitored,1.449717
128,20000,Native,1.582342
128,20000,DRIO-Opt,1.407336
128,20000,DRIO-Empty,1.407099
128,20000,DRIO-Empty,1.408459
128,20000,DRIO-Monitored,1.441297
128,20000,DRIO-Monitored,1.441891
128,20000,Native,1.58368
128,20000,DRIO-Opt,1.406864
128,20000,DRIO-Empty,1.409211
128,20000,DRIO-Empty,1.410397
128,20000,DRIO-Monitored,1.444823
128,20000,DRIO-Monitored,1.458363
128,20000,Native,1.582829
128,20000,DRIO-Opt,1.407562
128,20000,DRIO-Empty,1.410326
128,20000,DRIO-Empty,1.409928
128,20000,DRIO-Monitored,1.440695
128,20000,DRIO-Monitored,1.44235
128,20000,Native,1.584735
128,20000,DRIO-Opt,1.415475
128,20000,DRIO-Empty,1.407026
128,20000,DRIO-Empty,1.415836
128,20000,DRIO-Monitored,1.439802
128,20000,DRIO-Monitored,1.444832
128,20000,Native,1.582868
128,20000,DRIO-Opt,1.406888
128,20000,DRIO-Empty,1.408334
128,20000,DRIO-Empty,1.406965
128,20000,DRIO-Monitored,1.450197
128,20000,DRIO-Monitored,1.439694
128,20000,Native,1.582973
128,20000,DRIO-Opt,1.406525
128,20000,DRIO-Empty,1.410256
128,20000,DRIO-Empty,1.417552
128,20000,DRIO-Monitored,1.447566
128,20000,DRIO-Monitored,1.444443
128,30000,Native,3.556853
128,30000,DRIO-Opt,3.157201
128,30000,DRIO-Empty,3.151271
128,30000,DRIO-Empty,3.154233
128,30000,DRIO-Monitored,3.200083
128,30000,DRIO-Monitored,3.201847
128,30000,Native,3.555988
128,30000,DRIO-Opt,3.150695
128,30000,DRIO-Empty,3.155584
128,30000,DRIO-Empty,3.156309
128,30000,DRIO-Monitored,3.208659
128,30000,DRIO-Monitored,3.203072
128,30000,Native,3.554924
128,30000,DRIO-Opt,3.177008
128,30000,DRIO-Empty,3.154926
128,30000,DRIO-Empty,3.1571
128,30000,DRIO-Monitored,3.209188
128,30000,DRIO-Monitored,3.211685
128,30000,Native,3.556909
128,30000,DRIO-Opt,3.154879
128,30000,DRIO-Empty,3.183358
128,30000,DRIO-Empty,3.155887
128,30000,DRIO-Monitored,3.22474
128,30000,DRIO-Monitored,3.270945
128,30000,Native,3.554091
128,30000,DRIO-Opt,3.150623
128,30000,DRIO-Empty,3.157652
128,30000,DRIO-Empty,3.156136
128,30000,DRIO-Monitored,3.201005
128,30000,DRIO-Monitored,3.203487
128,30000,Native,3.556068
128,30000,DRIO-Opt,3.155191
128,30000,DRIO-Empty,3.159927
128,30000,DRIO-Empty,3.153606
128,30000,DRIO-Monitored,3.209043
128,30000,DRIO-Monitored,3.203314
128,30000,Native,3.556176
128,30000,DRIO-Opt,3.14999
128,30000,DRIO-Empty,3.194999
128,30000,DRIO-Empty,3.152797
128,30000,DRIO-Monitored,3.247491
128,30000,DRIO-Monitored,3.228482
128,30000,Native,3.55578
128,30000,DRIO-Opt,3.15065
128,30000,DRIO-Empty,3.150791
128,30000,DRIO-Empty,3.158935
128,30000,DRIO-Monitored,3.202116
128,30000,DRIO-Monitored,3.203206
128,30000,Native,3.553859
128,30000,DRIO-Opt,3.183161
128,30000,DRIO-Empty,3.161393
128,30000,DRIO-Empty,3.167086
128,30000,DRIO-Monitored,3.210194
128,30000,DRIO-Monitored,3.21619
128,30000,Native,3.556919
128,30000,DRIO-Opt,3.150523
128,30000,DRIO-Empty,3.17346
128,30000,DRIO-Empty,3.157663
128,30000,DRIO-Monitored,3.207519
128,30000,DRIO-Monitored,3.207039
128,40000,Native,6.311938
128,40000,DRIO-Opt,5.594462
128,40000,DRIO-Empty,5.592684
128,40000,DRIO-Empty,5.593469
128,40000,DRIO-Monitored,5.675196
128,40000,DRIO-Monitored,5.669981
128,40000,Native,6.313746
128,40000,DRIO-Opt,5.602758
128,40000,DRIO-Empty,5.595182
128,40000,DRIO-Empty,5.625516
128,40000,DRIO-Monitored,5.672581
128,40000,DRIO-Monitored,5.721055
128,40000,Native,6.311137
128,40000,DRIO-Opt,5.595561
128,40000,DRIO-Empty,5.590966
128,40000,DRIO-Empty,5.59973
128,40000,DRIO-Monitored,5.667111
128,40000,DRIO-Monitored,5.660136
128,40000,Native,6.31236
128,40000,DRIO-Opt,5.58759
128,40000,DRIO-Empty,5.598069
128,40000,DRIO-Empty,5.591359
128,40000,DRIO-Monitored,5.663107
128,40000,DRIO-Monitored,5.677833
128,40000,Native,6.313849
128,40000,DRIO-Opt,5.587945
128,40000,DRIO-Empty,5.603945
128,40000,DRIO-Empty,5.596165
128,40000,DRIO-Monitored,5.664877
128,40000,DRIO-Monitored,5.675548
128,40000,Native,6.316536
128,40000,DRIO-Opt,5.587671
128,40000,DRIO-Empty,5.597578
128,40000,DRIO-Empty,5.595641
128,40000,DRIO-Monitored,5.666932
128,40000,DRIO-Monitored,5.668025
128,40000,Native,6.31152
128,40000,DRIO-Opt,5.600148
128,40000,DRIO-Empty,5.589733
128,40000,DRIO-Empty,5.606491
128,40000,DRIO-Monitored,5.687943
128,40000,DRIO-Monitored,5.653544
128,40000,Native,6.311234
128,40000,DRIO-Opt,5.626388
128,40000,DRIO-Empty,5.592733
128,40000,DRIO-Empty,5.626154
128,40000,DRIO-Monitored,5.66638
128,40000,DRIO-Monitored,5.65607
128,40000,Native,6.314593
128,40000,DRIO-Opt,5.662299
128,40000,DRIO-Empty,5.602818
128,40000,DRIO-Empty,5.593383
128,40000,DRIO-Monitored,5.667845
128,40000,DRIO-Monitored,5.66523
128,40000,Native,6.333061
128,40000,DRIO-Opt,5.590114
128,40000,DRIO-Empty,5.602074
128,40000,DRIO-Empty,5.597983
128,40000,DRIO-Monitored,5.6621
128,40000,DRIO-Monitored,5.659442
512,10000,Native,0.397733
512,10000,DRIO-Opt,0.364038
512,10000,DRIO-Empty,0.358304
512,10000,DRIO-Empty,0.357825
512,10000,DRIO-Monitored,0.39364
512,10000,DRIO-Monitored,0.383615
512,10000,Native,0.399793
512,10000,DRIO-Opt,0.35799
512,10000,DRIO-Empty,0.358388
512,10000,DRIO-Empty,0.365021
512,10000,DRIO-Monitored,0.373386
512,10000,DRIO-Monitored,0.375896
512,10000,Native,0.398251
512,10000,DRIO-Opt,0.358145
512,10000,DRIO-Empty,0.360046
512,10000,DRIO-Empty,0.368266
512,10000,DRIO-Monitored,0.374036
512,10000,DRIO-Monitored,0.377493
512,10000,Native,0.397518
512,10000,DRIO-Opt,0.358296
512,10000,DRIO-Empty,0.358016
512,10000,DRIO-Empty,0.364226
512,10000,DRIO-Monitored,0.386019
512,10000,DRIO-Monitored,0.37351
512,10000,Native,0.397829
512,10000,DRIO-Opt,0.364243
512,10000,DRIO-Empty,0.362133
512,10000,DRIO-Empty,0.36226
512,10000,DRIO-Monitored,0.374511
512,10000,DRIO-Monitored,0.374293
512,10000,Native,0.399239
512,10000,DRIO-Opt,0.359642
512,10000,DRIO-Empty,0.364474
512,10000,DRIO-Empty,0.360979
512,10000,DRIO-Monitored,0.374242
512,10000,DRIO-Monitored,0.392223
512,10000,Native,0.398296
512,10000,DRIO-Opt,0.362085
512,10000,DRIO-Empty,0.368895
512,10000,DRIO-Empty,0.358146
512,10000,DRIO-Monitored,0.39188
512,10000,DRIO-Monitored,0.383871
512,10000,Native,0.397653
512,10000,DRIO-Opt,0.357909
512,10000,DRIO-Empty,0.358226
512,10000,DRIO-Empty,0.368617
512,10000,DRIO-Monitored,0.38107
512,10000,DRIO-Monitored,0.384488
512,10000,Native,0.397636
512,10000,DRIO-Opt,0.361231
512,10000,DRIO-Empty,0.369586
512,10000,DRIO-Empty,0.358351
512,10000,DRIO-Monitored,0.385123
512,10000,DRIO-Monitored,0.37353
512,10000,Native,0.397459
512,10000,DRIO-Opt,0.358014
512,10000,DRIO-Empty,0.365198
512,10000,DRIO-Empty,0.358336
512,10000,DRIO-Monitored,0.375763
512,10000,DRIO-Monitored,0.3846
512,20000,Native,1.582177
512,20000,DRIO-Opt,1.407983
512,20000,DRIO-Empty,1.412079
512,20000,DRIO-Empty,1.438638
512,20000,DRIO-Monitored,1.458053
512,20000,DRIO-Monitored,1.450161
512,20000,Native,1.582333
512,20000,DRIO-Opt,1.406907
512,20000,DRIO-Empty,1.435218
512,20000,DRIO-Empty,1.407445
512,20000,DRIO-Monitored,1.449524
512,20000,DRIO-Monitored,1.493462
512,20000,Native,1.582377
512,20000,DRIO-Opt,1.406921
512,20000,DRIO-Empty,1.407294
512,20000,DRIO-Empty,1.409308
512,20000,DRIO-Monitored,1.442792
512,20000,DRIO-Monitored,1.46034
512,20000,Native,1.584577
512,20000,DRIO-Opt,1.406816
512,20000,DRIO-Empty,1.409735
512,20000,DRIO-Empty,1.406723
512,20000,DRIO-Monitored,1.485945
512,20000,DRIO-Monitored,1.439157
512,20000,Native,1.583518
512,20000,DRIO-Opt,1.42272
512,20000,DRIO-Empty,1.408603
512,20000,DRIO-Empty,1.413805
512,20000,DRIO-Monitored,1.440699
512,20000,DRIO-Monitored,1.460371
512,20000,Native,1.583637
512,20000,DRIO-Opt,1.40681
512,20000,DRIO-Empty,1.41833
512,20000,DRIO-Empty,1.417086
512,20000,DRIO-Monitored,1.441207
512,20000,DRIO-Monitored,1.44038
512,20000,Native,1.582179
512,20000,DRIO-Opt,1.408112
512,20000,DRIO-Empty,1.408839
512,20000,DRIO-Empty,1.408117
512,20000,DRIO-Monitored,1.477012
512,20000,DRIO-Monitored,1.453897
512,20000,Native,1.583778
512,20000,DRIO-Opt,1.406376
512,20000,DRIO-Empty,1.409423
512,20000,DRIO-Empty,1.414054
512,20000,DRIO-Monitored,1.439832
512,20000,DRIO-Monitored,1.44417
512,20000,Native,1.583396
512,20000,DRIO-Opt,1.407712
512,20000,DRIO-Empty,1.4092
512,20000,DRIO-Empty,1.409082
512,20000,DRIO-Monitored,1.486912
512,20000,DRIO-Monitored,1.462189
512,20000,Native,1.582742
512,20000,DRIO-Opt,1.40889
512,20000,DRIO-Empty,1.409489
512,20000,DRIO-Empty,1.415203
512,20000,DRIO-Monitored,1.451524
512,20000,DRIO-Monitored,1.440175
512,30000,Native,3.554501
512,30000,DRIO-Opt,3.15432
512,30000,DRIO-Empty,3.151755
512,30000,DRIO-Empty,3.158892
512,30000,DRIO-Monitored,3.212549
512,30000,DRIO-Monitored,3.205095
512,30000,Native,3.55284
512,30000,DRIO-Opt,3.1551
512,30000,DRIO-Empty,3.153796
512,30000,DRIO-Empty,3.152657
512,30000,DRIO-Monitored,3.207629
512,30000,DRIO-Monitored,3.201003
512,30000,Native,3.555994
512,30000,DRIO-Opt,3.150879
512,30000,DRIO-Empty,3.153632
512,30000,DRIO-Empty,3.151821
512,30000,DRIO-Monitored,3.202079
512,30000,DRIO-Monitored,3.204944
512,30000,Native,3.554153
512,30000,DRIO-Opt,3.155448
512,30000,DRIO-Empty,3.155405
512,30000,DRIO-Empty,3.150611
512,30000,DRIO-Monitored,3.230319
512,30000,DRIO-Monitored,3.233923
512,30000,Native,3.556072
512,30000,DRIO-Opt,3.157873
512,30000,DRIO-Empty,3.194723
512,30000,DRIO-Empty,3.156928
512,30000,DRIO-Monitored,3.24212
512,30000,DRIO-Monitored,3.207073
512,30000,Native,3.554013
512,30000,DRIO-Opt,3.150565
512,30000,DRIO-Empty,3.1578
512,30000,DRIO-Empty,3.150956
512,30000,DRIO-Monitored,3.225539
512,30000,DRIO-Monitored,3.225609
512,30000,Native,3.556501
512,30000,DRIO-Opt,3.161064
512,30000,DRIO-Empty,3.151934
512,30000,DRIO-Empty,3.160243
512,30000,DRIO-Monitored,3.223619
512,30000,DRIO-Monitored,3.200373
512,30000,Native,3.555898
512,30000,DRIO-Opt,3.154571
512,30000,DRIO-Empty,3.158886
512,30000,DRIO-Empty,3.157951
512,30000,DRIO-Monitored,3.214046
512,30000,DRIO-Monitored,3.205375
512,30000,Native,3.55503
512,30000,DRIO-Opt,3.162887
512,30000,DRIO-Empty,3.158209
512,30000,DRIO-Empty,3.19013
512,30000,DRIO-Monitored,3.21051
512,30000,DRIO-Monitored,3.213926
512,30000,Native,3.577191
512,30000,DRIO-Opt,3.165373
512,30000,DRIO-Empty,3.156063
512,30000,DRIO-Empty,3.154853
512,30000,DRIO-Monitored,3.202434
512,30000,DRIO-Monitored,3.210326
512,40000,Native,6.316676
512,40000,DRIO-Opt,5.596499
512,40000,DRIO-Empty,5.587556
512,40000,DRIO-Empty,5.593463
512,40000,DRIO-Monitored,5.655748
512,40000,DRIO-Monitored,5.718586
512,40000,Native,6.317293
512,40000,DRIO-Opt,5.587185
512,40000,DRIO-Empty,5.604228
512,40000,DRIO-Empty,5.588092
512,40000,DRIO-Monitored,5.655482
512,40000,DRIO-Monitored,5.663921
512,40000,Native,6.310864
512,40000,DRIO-Opt,5.595746
512,40000,DRIO-Empty,5.589282
512,40000,DRIO-Empty,5.595661
512,40000,DRIO-Monitored,5.661495
512,40000,DRIO-Monitored,5.661614
512,40000,Native,6.314819
512,40000,DRIO-Opt,5.611445
512,40000,DRIO-Empty,5.592199
512,40000,DRIO-Empty,5.652831
512,40000,DRIO-Monitored,5.673669
512,40000,DRIO-Monitored,5.6572
512,40000,Native,6.312709
512,40000,DRIO-Opt,5.600035
512,40000,DRIO-Empty,5.611467
512,40000,DRIO-Empty,5.591922
512,40000,DRIO-Monitored,5.677691
512,40000,DRIO-Monitored,5.707348
512,40000,Native,6.312337
512,40000,DRIO-Opt,5.595261
512,40000,DRIO-Empty,5.596267
512,40000,DRIO-Empty,5.589232
512,40000,DRIO-Monitored,5.685872
512,40000,DRIO-Monitored,5.657029
512,40000,Native,6.312769
512,40000,DRIO-Opt,5.591802
512,40000,DRIO-Empty,5.58935
512,40000,DRIO-Empty,5.597011
512,40000,DRIO-Monitored,5.694389
512,40000,DRIO-Monitored,5.665967
512,40000,Native,6.312222
512,40000,DRIO-Opt,5.586723
512,40000,DRIO-Empty,5.604723
512,40000,DRIO-Empty,5.614177
512,40000,DRIO-Monitored,5.725522
512,40000,DRIO-Monitored,5.668135
512,40000,Native,6.314116
512,40000,DRIO-Opt,5.591529
512,40000,DRIO-Empty,5.597671
512,40000,DRIO-Empty,5.595392
512,40000,DRIO-Monitored,5.738291
512,40000,DRIO-Monitored,5.655501
512,40000,Native,6.309181
512,40000,DRIO-Opt,5.591589
512,40000,DRIO-Empty,5.592513
512,40000,DRIO-Empty,5.588703
512,40000,DRIO-Monitored,5.662785
512,40000,DRIO-Monitored,5.668007
1024,10000,Native,0.39755
1024,10000,DRIO-Opt,0.359128
1024,10000,DRIO-Empty,0.358794
1024,10000,DRIO-Empty,0.361353
1024,10000,DRIO-Monitored,0.373807
1024,10000,DRIO-Monitored,0.384305
1024,10000,Native,0.399324
1024,10000,DRIO-Opt,0.35787
1024,10000,DRIO-Empty,0.360164
1024,10000,DRIO-Empty,0.365419
1024,10000,DRIO-Monitored,0.383328
1024,10000,DRIO-Monitored,0.373482
1024,10000,Native,0.397555
1024,10000,DRIO-Opt,0.365246
1024,10000,DRIO-Empty,0.360389
1024,10000,DRIO-Empty,0.358363
1024,10000,DRIO-Monitored,0.38067
1024,10000,DRIO-Monitored,0.38441
1024,10000,Native,0.397544
1024,10000,DRIO-Opt,0.357608
1024,10000,DRIO-Empty,0.369056
1024,10000,DRIO-Empty,0.358207
1024,10000,DRIO-Monitored,0.381032
1024,10000,DRIO-Monitored,0.373615
1024,10000,Native,0.397561
1024,10000,DRIO-Opt,0.357987
1024,10000,DRIO-Empty,0.368684
1024,10000,DRIO-Empty,0.369184
1024,10000,DRIO-Monitored,0.379708
1024,10000,DRIO-Monitored,0.373238
1024,10000,Native,0.397686
1024,10000,DRIO-Opt,0.368852
1024,10000,DRIO-Empty,0.361232
1024,10000,DRIO-Empty,0.36502
1024,10000,DRIO-Monitored,0.375093
1024,10000,DRIO-Monitored,0.378459
1024,10000,Native,0.397579
1024,10000,DRIO-Opt,0.358806
1024,10000,DRIO-Empty,0.364123
1024,10000,DRIO-Empty,0.364095
1024,10000,DRIO-Monitored,0.374411
1024,10000,DRIO-Monitored,0.38059
1024,10000,Native,0.397578
1024,10000,DRIO-Opt,0.358152
1024,10000,DRIO-Empty,0.35827
1024,10000,DRIO-Empty,0.363878
1024,10000,DRIO-Monitored,0.392979
1024,10000,DRIO-Monitored,0.385171
1024,10000,Native,0.399303
1024,10000,DRIO-Opt,0.358162
1024,10000,DRIO-Empty,0.358578
1024,10000,DRIO-Empty,0.359801
1024,10000,DRIO-Monitored,0.383961
1024,10000,DRIO-Monitored,0.373263
1024,10000,Native,0.397563
1024,10000,DRIO-Opt,0.357908
1024,10000,DRIO-Empty,0.358703
1024,10000,DRIO-Empty,0.369623
1024,10000,DRIO-Monitored,0.390116
1024,10000,DRIO-Monitored,0.378557
1024,20000,Native,1.583306
1024,20000,DRIO-Opt,1.408753
1024,20000,DRIO-Empty,1.409826
1024,20000,DRIO-Empty,1.407007
1024,20000,DRIO-Monitored,1.443325
1024,20000,DRIO-Monitored,1.449081
1024,20000,Native,1.582544
1024,20000,DRIO-Opt,1.408777
1024,20000,DRIO-Empty,1.466635
1024,20000,DRIO-Empty,1.492492
1024,20000,DRIO-Monitored,1.43976
1024,20000,DRIO-Monitored,1.488757
1024,20000,Native,1.593134
1024,20000,DRIO-Opt,1.408783
1024,20000,DRIO-Empty,1.413578
1024,20000,DRIO-Empty,1.424698
1024,20000,DRIO-Monitored,1.441409
1024,20000,DRIO-Monitored,1.441899
1024,20000,Native,1.582001
1024,20000,DRIO-Opt,1.407579
1024,20000,DRIO-Empty,1.411379
1024,20000,DRIO-Empty,1.415938
1024,20000,DRIO-Monitored,1.459167
1024,20000,DRIO-Monitored,1.440328
1024,20000,Native,1.58269
1024,20000,DRIO-Opt,1.40732
1024,20000,DRIO-Empty,1.410667
1024,20000,DRIO-Empty,1.409102
1024,20000,DRIO-Monitored,1.446998
1024,20000,DRIO-Monitored,1.440321
1024,20000,Native,1.582439
1024,20000,DRIO-Opt,1.41952
1024,20000,DRIO-Empty,1.411346
1024,20000,DRIO-Empty,1.416172
1024,20000,DRIO-Monitored,1.450825
1024,20000,DRIO-Monitored,1.440138
1024,20000,Native,1.582326
1024,20000,DRIO-Opt,1.409923
1024,20000,DRIO-Empty,1.407387
1024,20000,DRIO-Empty,1.419395
1024,20000,DRIO-Monitored,1.439827
1024,20000,DRIO-Monitored,1.447852
1024,20000,Native,1.58762
1024,20000,DRIO-Opt,1.409148
1024,20000,DRIO-Empty,1.417431
1024,20000,DRIO-Empty,1.407054
1024,20000,DRIO-Monitored,1.472749
1024,20000,DRIO-Monitored,1.439409
1024,20000,Native,1.582316
1024,20000,DRIO-Opt,1.409056
1024,20000,DRIO-Empty,1.408381
1024,20000,DRIO-Empty,1.408742
1024,20000,DRIO-Monitored,1.491386
1024,20000,DRIO-Monitored,1.445903
1024,20000,Native,1.581939
1024,20000,DRIO-Opt,1.408402
1024,20000,DRIO-Empty,1.416907
1024,20000,DRIO-Empty,1.413569
1024,20000,DRIO-Monitored,1.44149
1024,20000,DRIO-Monitored,1.448259
1024,30000,Native,3.555071
1024,30000,DRIO-Opt,3.158846
1024,30000,DRIO-Empty,3.168529
1024,30000,DRIO-Empty,3.154768
1024,30000,DRIO-Monitored,3.203242
1024,30000,DRIO-Monitored,3.241639
1024,30000,Native,3.555496
1024,30000,DRIO-Opt,3.187017
1024,30000,DRIO-Empty,3.151479
1024,30000,DRIO-Empty,3.153777
1024,30000,DRIO-Monitored,3.271136
1024,30000,DRIO-Monitored,3.210759
1024,30000,Native,3.552714
1024,30000,DRIO-Opt,3.152984
1024,30000,DRIO-Empty,3.156765
1024,30000,DRIO-Empty,3.155805
1024,30000,DRIO-Monitored,3.277208
1024,30000,DRIO-Monitored,3.204423
1024,30000,Native,3.553358
1024,30000,DRIO-Opt,3.149588
1024,30000,DRIO-Empty,3.153725
1024,30000,DRIO-Empty,3.15619
1024,30000,DRIO-Monitored,3.206777
1024,30000,DRIO-Monitored,3.213256
1024,30000,Native,3.555605
1024,30000,DRIO-Opt,3.155288
1024,30000,DRIO-Empty,3.150938
1024,30000,DRIO-Empty,3.157487
1024,30000,DRIO-Monitored,3.234051
1024,30000,DRIO-Monitored,3.20706
1024,30000,Native,3.556667
1024,30000,DRIO-Opt,3.213342
1024,30000,DRIO-Empty,3.154182
1024,30000,DRIO-Empty,3.15015
1024,30000,DRIO-Monitored,3.22017
1024,30000,DRIO-Monitored,3.221133
1024,30000,Native,3.556945
1024,30000,DRIO-Opt,3.153287
1024,30000,DRIO-Empty,3.157624
1024,30000,DRIO-Empty,3.155942
1024,30000,DRIO-Monitored,3.202493
1024,30000,DRIO-Monitored,3.219041
1024,30000,Native,3.556563
1024,30000,DRIO-Opt,3.151365
1024,30000,DRIO-Empty,3.155641
1024,30000,DRIO-Empty,3.155286
1024,30000,DRIO-Monitored,3.206898
1024,30000,DRIO-Monitored,3.205484
1024,30000,Native,3.558505
1024,30000,DRIO-Opt,3.155055
1024,30000,DRIO-Empty,3.155685
1024,30000,DRIO-Empty,3.151191
1024,30000,DRIO-Monitored,3.213578
1024,30000,DRIO-Monitored,3.205724
1024,30000,Native,3.554885
1024,30000,DRIO-Opt,3.158309
1024,30000,DRIO-Empty,3.157243
1024,30000,DRIO-Empty,3.152735
1024,30000,DRIO-Monitored,3.21262
1024,30000,DRIO-Monitored,3.20298
1024,40000,Native,6.309461
1024,40000,DRIO-Opt,5.596477
1024,40000,DRIO-Empty,5.591902
1024,40000,DRIO-Empty,5.595945
1024,40000,DRIO-Monitored,5.775899
1024,40000,DRIO-Monitored,5.695235
1024,40000,Native,6.321023
1024,40000,DRIO-Opt,5.587144
1024,40000,DRIO-Empty,5.630569
1024,40000,DRIO-Empty,5.59303
1024,40000,DRIO-Monitored,5.678821
1024,40000,DRIO-Monitored,5.679591
1024,40000,Native,6.315078
1024,40000,DRIO-Opt,5.585999
1024,40000,DRIO-Empty,5.597123
1024,40000,DRIO-Empty,5.595624
1024,40000,DRIO-Monitored,5.687688
1024,40000,DRIO-Monitored,5.658552
1024,40000,Native,6.319236
1024,40000,DRIO-Opt,5.596348
1024,40000,DRIO-Empty,5.600754
1024,40000,DRIO-Empty,5.58831
1024,40000,DRIO-Monitored,5.696981
1024,40000,DRIO-Monitored,5.661157
1024,40000,Native,6.310063
1024,40000,DRIO-Opt,5.587086
1024,40000,DRIO-Empty,5.589003
1024,40000,DRIO-Empty,5.599067
1024,40000,DRIO-Monitored,5.672636
1024,40000,DRIO-Monitored,5.658575
1024,40000,Native,6.312424
1024,40000,DRIO-Opt,5.591403
1024,40000,DRIO-Empty,5.617451
1024,40000,DRIO-Empty,5.588648
1024,40000,DRIO-Monitored,5.667875
1024,40000,DRIO-Monitored,5.675633
1024,40000,Native,6.316186
1024,40000,DRIO-Opt,5.587647
1024,40000,DRIO-Empty,5.610504
1024,40000,DRIO-Empty,5.598788
1024,40000,DRIO-Monitored,5.655575
1024,40000,DRIO-Monitored,5.660661
1024,40000,Native,6.314918
1024,40000,DRIO-Opt,5.59683
1024,40000,DRIO-Empty,5.60243
1024,40000,DRIO-Empty,5.594908
1024,40000,DRIO-Monitored,5.671506
1024,40000,DRIO-Monitored,5.662733
1024,40000,Native,6.314907
1024,40000,DRIO-Opt,5.635747
1024,40000,DRIO-Empty,5.602908
1024,40000,DRIO-Empty,5.588206
1024,40000,DRIO-Monitored,5.677262
1024,40000,DRIO-Monitored,5.678433
1024,40000,Native,6.309551
1024,40000,DRIO-Opt,5.587072
1024,40000,DRIO-Empty,5.589062
1024,40000,DRIO-Empty,5.592088
1024,40000,DRIO-Monitored,5.672928
1024,40000,DRIO-Monitored,5.769582
2048,10000,Native,0.397801
2048,10000,DRIO-Opt,0.357593
2048,10000,DRIO-Empty,0.357975
2048,10000,DRIO-Empty,0.361169
2048,10000,DRIO-Monitored,0.373621
2048,10000,DRIO-Monitored,0.391397
2048,10000,Native,0.39904
2048,10000,DRIO-Opt,0.35814
2048,10000,DRIO-Empty,0.359006
2048,10000,DRIO-Empty,0.357844
2048,10000,DRIO-Monitored,0.393249
2048,10000,DRIO-Monitored,0.373601
2048,10000,Native,0.397816
2048,10000,DRIO-Opt,0.35801
2048,10000,DRIO-Empty,0.363033
2048,10000,DRIO-Empty,0.358408
2048,10000,DRIO-Monitored,0.396495
2048,10000,DRIO-Monitored,0.374244
2048,10000,Native,0.397788
2048,10000,DRIO-Opt,0.358078
2048,10000,DRIO-Empty,0.367452
2048,10000,DRIO-Empty,0.369129
2048,10000,DRIO-Monitored,0.374733
2048,10000,DRIO-Monitored,0.377561
2048,10000,Native,0.397984
2048,10000,DRIO-Opt,0.368689
2048,10000,DRIO-Empty,0.361047
2048,10000,DRIO-Empty,0.36151
2048,10000,DRIO-Monitored,0.373329
2048,10000,DRIO-Monitored,0.375863
2048,10000,Native,0.397695
2048,10000,DRIO-Opt,0.357873
2048,10000,DRIO-Empty,0.362369
2048,10000,DRIO-Empty,0.357995
2048,10000,DRIO-Monitored,0.373013
2048,10000,DRIO-Monitored,0.375247
2048,10000,Native,0.397604
2048,10000,DRIO-Opt,0.357857
2048,10000,DRIO-Empty,0.357865
2048,10000,DRIO-Empty,0.358382
2048,10000,DRIO-Monitored,0.391466
2048,10000,DRIO-Monitored,0.377893
2048,10000,Native,0.397913
2048,10000,DRIO-Opt,0.357983
2048,10000,DRIO-Empty,0.362247
2048,10000,DRIO-Empty,0.361224
2048,10000,DRIO-Monitored,0.383831
2048,10000,DRIO-Monitored,0.373162
2048,10000,Native,0.397799
2048,10000,DRIO-Opt,0.357739
2048,10000,DRIO-Empty,0.359417
2048,10000,DRIO-Empty,0.358052
2048,10000,DRIO-Monitored,0.406469
2048,10000,DRIO-Monitored,0.376016
2048,10000,Native,0.398246
2048,10000,DRIO-Opt,0.362533
2048,10000,DRIO-Empty,0.358647
2048,10000,DRIO-Empty,0.358645
2048,10000,DRIO-Monitored,0.373779
2048,10000,DRIO-Monitored,0.373475
2048,20000,Native,1.583216
2048,20000,DRIO-Opt,1.407259
2048,20000,DRIO-Empty,1.407763
2048,20000,DRIO-Empty,1.412782
2048,20000,DRIO-Monitored,1.44795
2048,20000,DRIO-Monitored,1.447623
2048,20000,Native,1.583295
2048,20000,DRIO-Opt,1.407927
2048,20000,DRIO-Empty,1.407962
2048,20000,DRIO-Empty,1.409947
2048,20000,DRIO-Monitored,1.43961
2048,20000,DRIO-Monitored,1.439184
2048,20000,Native,1.583781
2048,20000,DRIO-Opt,1.422885
2048,20000,DRIO-Empty,1.407255
2048,20000,DRIO-Empty,1.418344
2048,20000,DRIO-Monitored,1.441086
2048,20000,DRIO-Monitored,1.446802
2048,20000,Native,1.583294
2048,20000,DRIO-Opt,1.416701
2048,20000,DRIO-Empty,1.406993
2048,20000,DRIO-Empty,1.414839
2048,20000,DRIO-Monitored,1.449311
2048,20000,DRIO-Monitored,1.439596
2048,20000,Native,1.582504
2048,20000,DRIO-Opt,1.407789
2048,20000,DRIO-Empty,1.407518
2048,20000,DRIO-Empty,1.409354
2048,20000,DRIO-Monitored,1.458086
2048,20000,DRIO-Monitored,1.452064
2048,20000,Native,1.582249
2048,20000,DRIO-Opt,1.408353
2048,20000,DRIO-Empty,1.411364
2048,20000,DRIO-Empty,1.408145
2048,20000,DRIO-Monitored,1.439784
2048,20000,DRIO-Monitored,1.453473
2048,20000,Native,1.582669
2048,20000,DRIO-Opt,1.433108
2048,20000,DRIO-Empty,1.410979
2048,20000,DRIO-Empty,1.408614
2048,20000,DRIO-Monitored,1.443288
2048,20000,DRIO-Monitored,1.439115
2048,20000,Native,1.591222
2048,20000,DRIO-Opt,1.408418
2048,20000,DRIO-Empty,1.408817
2048,20000,DRIO-Empty,1.408213
2048,20000,DRIO-Monitored,1.441168
2048,20000,DRIO-Monitored,1.473815
2048,20000,Native,1.583383
2048,20000,DRIO-Opt,1.408011
2048,20000,DRIO-Empty,1.417802
2048,20000,DRIO-Empty,1.412595
2048,20000,DRIO-Monitored,1.443096
2048,20000,DRIO-Monitored,1.45912
2048,20000,Native,1.582987
2048,20000,DRIO-Opt,1.4067
2048,20000,DRIO-Empty,1.409166
2048,20000,DRIO-Empty,1.41641
2048,20000,DRIO-Monitored,1.453464
2048,20000,DRIO-Monitored,1.443204
2048,30000,Native,3.55463
2048,30000,DRIO-Opt,3.150634
2048,30000,DRIO-Empty,3.159426
2048,30000,DRIO-Empty,3.16339
2048,30000,DRIO-Monitored,3.213304
2048,30000,DRIO-Monitored,3.212714
2048,30000,Native,3.556386
2048,30000,DRIO-Opt,3.154633
2048,30000,DRIO-Empty,3.161383
2048,30000,DRIO-Empty,3.15103
2048,30000,DRIO-Monitored,3.20584
2048,30000,DRIO-Monitored,3.213283
2048,30000,Native,3.555651
2048,30000,DRIO-Opt,3.175851
2048,30000,DRIO-Empty,3.161965
2048,30000,DRIO-Empty,3.190995
2048,30000,DRIO-Monitored,3.200511
2048,30000,DRIO-Monitored,3.228718
2048,30000,Native,3.555945
2048,30000,DRIO-Opt,3.154743
2048,30000,DRIO-Empty,3.157061
2048,30000,DRIO-Empty,3.158908
2048,30000,DRIO-Monitored,3.229182
2048,30000,DRIO-Monitored,3.221797
2048,30000,Native,3.556069
2048,30000,DRIO-Opt,3.155467
2048,30000,DRIO-Empty,3.156368
2048,30000,DRIO-Empty,3.155782
2048,30000,DRIO-Monitored,3.223541
2048,30000,DRIO-Monitored,3.200721
2048,30000,Native,3.554569
2048,30000,DRIO-Opt,3.151266
2048,30000,DRIO-Empty,3.157022
2048,30000,DRIO-Empty,3.157379
2048,30000,DRIO-Monitored,3.204825
2048,30000,DRIO-Monitored,3.202656
2048,30000,Native,3.555903
2048,30000,DRIO-Opt,3.16417
2048,30000,DRIO-Empty,3.15514
2048,30000,DRIO-Empty,3.152075
2048,30000,DRIO-Monitored,3.271259
2048,30000,DRIO-Monitored,3.204526
2048,30000,Native,3.555591
2048,30000,DRIO-Opt,3.179203
2048,30000,DRIO-Empty,3.15646
2048,30000,DRIO-Empty,3.159404
2048,30000,DRIO-Monitored,3.199888
2048,30000,DRIO-Monitored,3.210753
2048,30000,Native,3.554303
2048,30000,DRIO-Opt,3.160446
2048,30000,DRIO-Empty,3.158177
2048,30000,DRIO-Empty,3.156111
2048,30000,DRIO-Monitored,3.206138
2048,30000,DRIO-Monitored,3.226866
2048,30000,Native,3.554248
2048,30000,DRIO-Opt,3.154774
2048,30000,DRIO-Empty,3.157844
2048,30000,DRIO-Empty,3.157013
2048,30000,DRIO-Monitored,3.201269
2048,30000,DRIO-Monitored,3.200406
2048,40000,Native,6.315131
2048,40000,DRIO-Opt,5.593541
2048,40000,DRIO-Empty,5.595281
2048,40000,DRIO-Empty,5.598327
2048,40000,DRIO-Monitored,5.660117
2048,40000,DRIO-Monitored,5.662775
2048,40000,Native,6.315854
2048,40000,DRIO-Opt,5.587552
2048,40000,DRIO-Empty,5.597911
2048,40000,DRIO-Empty,5.604195
2048,40000,DRIO-Monitored,5.659254
2048,40000,DRIO-Monitored,5.655215
2048,40000,Native,6.311342
2048,40000,DRIO-Opt,5.612839
2048,40000,DRIO-Empty,5.596227
2048,40000,DRIO-Empty,5.595822
2048,40000,DRIO-Monitored,5.700646
2048,40000,DRIO-Monitored,5.699076
2048,40000,Native,6.314544
2048,40000,DRIO-Opt,5.590849
2048,40000,DRIO-Empty,5.650339
2048,40000,DRIO-Empty,5.621668
2048,40000,DRIO-Monitored,5.684948
2048,40000,DRIO-Monitored,5.656573
2048,40000,Native,6.314415
2048,40000,DRIO-Opt,5.586362
2048,40000,DRIO-Empty,5.598358
2048,40000,DRIO-Empty,5.645323
2048,40000,DRIO-Monitored,5.666491
2048,40000,DRIO-Monitored,5.674054
2048,40000,Native,6.315381
2048,40000,DRIO-Opt,5.609611
2048,40000,DRIO-Empty,5.6045
2048,40000,DRIO-Empty,5.59783
2048,40000,DRIO-Monitored,5.669309
2048,40000,DRIO-Monitored,5.657264
2048,40000,Native,6.312098
2048,40000,DRIO-Opt,5.596164
2048,40000,DRIO-Empty,5.597108
2048,40000,DRIO-Empty,5.593561
2048,40000,DRIO-Monitored,5.664677
2048,40000,DRIO-Monitored,5.664483
2048,40000,Native,6.312264
2048,40000,DRIO-Opt,5.587697
2048,40000,DRIO-Empty,5.590115
2048,40000,DRIO-Empty,5.60007
2048,40000,DRIO-Monitored,5.662725
2048,40000,DRIO-Monitored,5.666618
2048,40000,Native,6.314112
2048,40000,DRIO-Opt,5.597604
2048,40000,DRIO-Empty,5.622955
2048,40000,DRIO-Empty,5.5964
2048,40000,DRIO-Monitored,5.65521
2048,40000,DRIO-Monitored,5.664266
2048,40000,Native,6.314264
2048,40000,DRIO-Opt,5.595706
2048,40000,DRIO-Empty,5.596261
2048,40000,DRIO-Empty,5.626966
2048,40000,DRIO-Monitored,5.662352
2048,40000,DRIO-Monitored,5.678911
